timestamp_s,motor_speed_rpm,motor_torque_nm,battery_voltage_v,battery_current_a,inverter_temp_c,ambient_temp_c
0.00,1.37,209.68,398.01,0.74,34.93,21.98
0.10,0.00,210.43,397.94,0.94,33.22,21.92
0.20,5.39,209.12,397.87,0.33,31.94,22.05
0.30,8.73,208.85,397.86,1.31,30.64,22.00
0.40,0.00,209.23,397.85,1.35,29.39,22.04
0.50,6.53,209.09,397.82,1.62,28.59,22.10
0.60,18.33,208.65,398.18,2.26,27.74,22.00
0.70,22.63,207.21,397.93,1.61,27.22,22.00
0.80,31.20,208.16,397.98,2.02,26.33,22.02
0.90,35.56,207.03,397.79,3.28,25.80,22.06
1.00,52.37,207.46,397.80,3.70,25.53,22.00
1.10,61.81,206.28,397.71,4.34,25.14,22.00
1.20,69.37,207.05,397.45,4.74,24.61,22.07
1.30,85.75,206.09,397.57,5.80,24.31,22.04
1.40,95.23,205.56,397.48,6.62,24.14,21.95
1.50,102.53,206.39,397.39,7.22,23.67,21.98
1.60,122.14,205.87,397.48,7.77,23.51,22.09
1.70,131.05,205.13,397.74,7.98,23.46,22.05
1.80,154.98,206.00,397.53,9.88,23.45,22.01
1.90,167.24,204.69,397.65,10.98,23.17,22.03
2.00,183.82,204.68,397.50,11.76,23.10,22.04
2.10,199.52,204.55,397.49,12.24,23.08,22.07
2.20,226.75,203.79,397.24,13.85,23.08,21.99
2.30,239.93,204.13,397.36,15.01,22.80,22.01
2.40,258.78,203.31,397.33,16.39,22.78,22.06
2.50,279.90,203.11,397.11,16.71,22.88,22.05
2.60,305.32,203.82,397.19,18.15,22.58,22.08
2.70,326.68,202.23,397.13,19.74,22.75,22.01
2.80,349.65,201.21,396.94,20.77,22.56,22.07
2.90,373.12,203.15,396.81,21.67,22.63,22.10
3.00,404.84,203.40,396.73,23.56,22.58,22.08
3.10,417.99,201.51,396.82,24.99,22.52,22.07
3.20,442.73,200.40,396.78,26.22,22.51,22.06
3.30,467.17,201.03,396.58,27.71,22.60,22.04
3.40,499.97,200.78,396.61,29.00,22.66,22.07
3.50,529.20,200.56,396.60,31.11,22.57,22.12
3.60,551.06,199.79,396.53,31.79,22.59,22.07
3.70,575.78,200.45,396.57,33.45,22.64,22.04
3.80,604.35,200.16,396.46,35.23,22.52,22.06
3.90,639.99,198.78,396.11,37.13,22.67,22.09
4.00,669.89,199.72,396.36,37.92,22.69,22.07
4.10,698.95,200.20,396.01,39.63,22.84,22.10
4.20,723.93,198.89,396.12,41.04,22.62,22.11
4.30,758.83,198.35,395.92,43.46,22.63,22.12
4.40,789.61,198.19,395.78,44.76,22.74,22.15
4.50,821.78,198.34,395.53,46.74,22.77,22.13
4.60,856.84,196.78,395.65,48.86,22.68,22.06
4.70,886.44,197.56,395.39,50.16,22.70,22.06
4.80,921.38,196.99,395.61,52.25,22.80,22.10
4.90,951.88,197.95,395.59,53.86,22.71,22.08
5.00,986.49,196.57,395.23,56.01,22.76,22.06
5.10,1021.97,197.32,395.27,57.77,22.83,22.09
5.20,1046.84,195.53,395.06,59.20,22.92,22.09
5.30,1086.54,196.19,394.98,61.24,22.81,22.08
5.40,1120.74,195.78,395.06,63.53,22.74,22.10
5.50,1155.14,194.86,394.87,65.18,22.75,22.16
5.60,1192.21,195.16,395.00,66.44,22.83,22.12
5.70,1235.86,195.47,394.64,69.06,22.85,22.22
5.80,1261.17,194.36,394.72,70.36,22.96,22.13
5.90,1305.58,193.34,394.52,73.15,22.91,22.11
6.00,1330.03,193.99,394.52,74.93,22.97,22.12
6.10,1372.67,193.24,394.27,76.60,22.99,22.14
6.20,1411.68,193.28,394.23,78.49,23.04,22.14
6.30,1450.53,193.16,394.13,80.30,23.20,22.21
6.40,1488.20,192.00,393.95,82.56,23.18,22.10
6.50,1525.82,191.78,394.03,84.14,23.15,22.17
6.60,1558.07,192.67,393.94,86.30,23.14,22.14
6.70,1595.07,191.85,393.84,88.48,23.16,22.07
6.80,1638.63,190.46,393.86,89.93,23.25,22.17
6.90,1671.63,192.03,393.75,91.86,23.30,22.19
7.00,1704.54,191.48,393.44,93.61,23.20,22.11
7.10,1743.04,190.67,393.44,95.61,23.30,22.14
7.20,1781.92,190.08,393.22,97.29,23.16,22.08
7.30,1826.26,190.99,393.21,100.14,23.37,22.10
7.40,1862.64,190.46,393.04,102.46,23.44,22.19
7.50,1903.11,191.31,393.21,104.26,23.38,22.13
7.60,1936.08,189.96,392.97,105.13,23.58,22.11
7.70,1976.70,189.68,392.81,107.88,23.39,22.17
7.80,2016.75,189.11,392.88,110.05,23.50,22.14
7.90,2050.46,189.38,392.39,111.31,23.50,22.14
8.00,2091.77,189.01,392.32,113.41,23.52,22.19
8.10,2124.53,189.09,392.56,114.57,23.55,22.12
8.20,2163.59,187.85,392.38,117.26,23.59,22.13
8.30,2201.13,187.63,392.32,118.67,23.68,22.17
8.40,2234.98,187.34,392.04,120.99,23.75,22.21
8.50,2279.94,187.77,392.10,122.23,23.66,22.22
8.60,2312.89,187.89,392.26,124.81,23.75,22.15
8.70,2352.17,186.55,392.03,126.81,23.65,22.21
8.80,2391.22,186.30,391.86,127.99,23.80,22.15
8.90,2427.83,186.44,391.70,129.68,23.70,22.25
9.00,2465.39,185.86,391.62,131.11,23.87,22.14
9.10,2498.33,186.26,391.33,133.54,23.99,22.24
9.20,2533.03,184.23,391.53,135.19,23.82,22.16
9.30,2570.51,184.75,391.52,136.59,23.68,22.27
9.40,2598.96,184.50,391.15,139.01,23.84,22.21
9.50,2635.47,183.39,391.17,140.40,24.01,22.15
9.60,2671.19,183.87,391.03,141.86,23.98,22.17
9.70,2707.53,183.63,390.98,143.71,23.97,22.23
9.80,2748.40,183.76,391.02,145.92,24.06,22.24
9.90,2776.80,184.21,390.69,147.38,24.04,22.20
10.00,2813.11,183.20,390.93,148.72,24.12,22.20
10.10,2854.27,182.50,390.87,150.56,24.12,22.23
10.20,2880.07,182.77,390.68,151.49,24.19,22.21
10.30,2917.89,183.11,390.34,153.44,24.12,22.15
10.40,2942.88,181.73,390.44,154.98,24.19,22.17
10.50,2978.28,181.50,390.64,156.25,24.11,22.22
10.60,3006.64,182.04,390.09,158.02,24.11,22.26
10.70,3040.69,181.34,390.31,159.02,24.32,22.28
10.80,3076.86,181.56,390.15,160.87,24.22,22.25
10.90,3095.72,180.93,390.32,162.26,24.28,22.23
11.00,3135.41,181.05,390.08,162.39,24.25,22.25
11.10,3164.01,179.83,390.14,165.14,24.21,22.19
11.20,3189.26,180.13,390.10,164.94,24.28,22.22
11.30,3213.93,179.75,390.19,167.04,24.42,22.19
11.40,3248.75,178.93,389.89,168.84,24.36,22.17
11.50,3273.50,178.47,389.90,169.56,24.20,22.24
11.60,3303.85,179.44,389.62,170.32,24.34,22.24
11.70,3329.26,178.61,389.89,171.57,24.52,22.26
11.80,3362.17,177.97,389.60,173.40,24.38,22.25
11.90,3379.10,178.21,389.58,173.43,24.27,22.24
12.00,3400.19,178.62,389.59,175.52,24.58,22.26
12.10,3429.62,176.48,389.36,176.09,24.50,22.24
12.20,3453.20,176.64,389.53,176.65,24.45,22.26
12.30,3481.08,176.69,389.57,177.78,24.45,22.21
12.40,3500.83,177.74,389.45,178.50,24.58,22.26
12.50,3520.12,176.82,389.18,180.00,24.46,22.27
12.60,3545.87,176.82,389.32,180.76,24.61,22.22
12.70,3554.02,175.51,389.39,180.66,24.58,22.25
12.80,3575.87,175.25,389.04,181.84,24.57,22.22
12.90,3593.24,175.85,389.10,182.37,24.57,22.23
13.00,3613.59,175.37,389.31,183.77,24.56,22.21
13.10,3626.34,175.37,389.20,183.44,24.67,22.30
13.20,3651.83,174.70,389.19,185.04,24.53,22.30
13.30,3663.64,174.69,389.34,184.98,24.48,22.28
13.40,3672.90,174.35,389.15,185.06,24.67,22.34
13.50,3689.03,174.43,389.16,185.67,24.68,22.25
13.60,3708.28,174.18,389.38,186.01,24.68,22.38
13.70,3723.09,172.58,389.02,186.19,24.68,22.25
13.80,3739.92,171.96,388.93,186.97,24.64,22.27
13.90,3754.80,173.48,389.07,186.76,24.73,22.25
14.00,3753.45,173.32,389.06,186.64,24.67,22.28
14.10,3756.15,171.84,388.93,187.43,24.65,22.30
14.20,3759.13,171.11,388.87,187.05,24.67,22.27
14.30,3777.15,171.92,389.27,187.49,24.86,22.34
14.40,3778.59,172.11,389.03,187.46,24.57,22.28
14.50,3785.75,172.32,388.90,187.44,24.75,22.29
14.60,3789.28,171.35,389.10,188.37,24.58,22.24
14.70,3794.87,170.60,388.98,187.57,24.71,22.30
14.80,3802.79,170.04,388.98,187.46,24.69,22.27
14.90,3800.20,170.27,389.08,186.53,24.56,22.26
15.00,3799.29,79.84,393.65,87.12,24.76,22.25
15.10,3797.54,79.41,393.85,87.43,24.55,22.39
15.20,3796.85,80.99,394.04,86.93,24.27,22.28
15.30,3804.37,80.66,393.87,87.47,24.39,22.23
15.40,3808.46,80.06,393.78,86.51,24.34,22.26
15.50,3818.77,78.62,393.78,86.54,24.26,22.29
15.60,3813.47,79.22,393.81,86.07,24.09,22.31
15.70,3819.32,78.67,393.85,85.91,23.99,22.32
15.80,3814.61,78.08,393.86,85.13,24.04,22.32
15.90,3813.42,77.98,394.04,84.71,24.01,22.27
16.00,3816.23,77.05,393.75,84.12,23.92,22.31
16.10,3819.05,76.48,394.09,83.29,23.71,22.26
16.20,3833.54,75.76,393.98,83.02,23.77,22.28
16.30,3821.82,74.90,394.10,82.20,23.75,22.26
16.40,3830.74,73.01,393.96,81.33,23.54,22.26
16.50,3824.25,73.30,394.29,80.43,23.70,22.35
16.60,3833.74,72.20,394.32,80.06,23.82,22.33
16.70,3832.40,71.04,394.32,78.89,23.67,22.35
16.80,3830.96,71.92,394.07,78.06,23.71,22.31
16.90,3832.36,71.21,394.39,77.41,23.59,22.34
17.00,3830.34,70.28,394.37,77.18,23.55,22.24
17.10,3835.91,68.96,394.17,75.36,23.57,22.35
17.20,3832.33,68.89,394.39,75.36,23.46,22.32
17.30,3829.21,67.51,394.47,73.73,23.43,22.34
17.40,3829.18,67.01,394.53,73.81,23.60,22.33
17.50,3835.78,65.74,394.51,73.67,23.59,22.28
17.60,3842.04,66.05,394.55,72.73,23.39,22.26
17.70,3835.44,65.42,394.72,72.12,23.54,22.29
17.80,3833.85,64.27,394.71,71.43,23.44,22.34
17.90,3835.19,64.63,394.24,71.26,23.47,22.35
18.00,3839.16,64.35,394.56,70.86,23.47,22.27
18.10,3833.53,65.18,394.59,70.44,23.50,22.29
18.20,3829.82,64.55,394.40,70.45,23.42,22.30
18.30,3835.65,64.01,394.63,70.54,23.52,22.31
18.40,3831.48,64.15,394.77,70.20,23.43,22.27
18.50,3835.23,64.12,394.48,70.25,23.45,22.27
18.60,3827.79,64.14,394.65,70.20,23.33,22.30
18.70,3820.00,63.88,394.49,71.03,23.57,22.34
18.80,3817.80,64.68,394.50,71.37,23.43,22.29
18.90,3829.74,64.70,394.74,71.62,23.45,22.33
19.00,3828.33,64.84,394.48,72.29,23.26,22.38
19.10,3817.95,66.28,394.58,72.47,23.33,22.28
19.20,3815.14,66.74,394.27,73.11,23.49,22.33
19.30,3821.48,66.11,394.69,73.67,23.42,22.38
19.40,3807.90,67.65,394.51,74.17,23.24,22.32
19.50,3806.79,68.92,394.38,74.69,23.48,22.32
19.60,3811.60,69.64,394.44,76.36,23.36,22.39
19.70,3804.78,70.33,394.17,76.16,23.52,22.33
19.80,3804.36,70.52,394.44,76.84,23.41,22.39
19.90,3801.46,70.78,394.22,77.99,23.44,22.36
20.00,3801.52,71.40,394.20,78.71,23.52,22.33
20.10,3804.14,72.94,394.13,78.90,23.37,22.37
20.20,3796.02,73.71,394.08,80.55,23.37,22.36
20.30,3796.34,74.94,394.20,80.88,23.44,22.39
20.40,3782.07,75.55,394.11,81.25,23.53,22.33
20.50,3788.97,75.56,394.13,82.76,23.36,22.35
20.60,3783.32,75.60,394.01,83.23,23.35,22.35
20.70,3779.61,76.73,394.05,83.19,23.55,22.38
20.80,3779.19,77.60,393.91,84.84,23.45,22.31
20.90,3779.74,77.89,394.20,84.97,23.47,22.40
21.00,3783.55,78.15,393.72,85.21,23.37,22.38
21.10,3771.72,79.03,394.04,86.18,23.47,22.30
21.20,3776.18,78.96,394.04,86.03,23.53,22.41
21.30,3772.31,79.18,393.76,86.24,23.61,22.45
21.40,3771.56,79.92,394.12,86.22,23.48,22.40
21.50,3776.20,79.68,393.96,86.79,23.69,22.42
21.60,3772.87,80.12,393.96,86.82,23.50,22.37
21.70,3775.35,80.15,393.84,86.64,23.51,22.30
21.80,3767.64,79.31,393.82,86.27,23.69,22.29
21.90,3764.33,79.54,393.83,86.44,23.59,22.37
22.00,3765.71,80.40,393.91,86.13,23.53,22.34
22.10,3767.19,78.70,394.05,85.39,23.57,22.33
22.20,3766.41,77.85,393.92,84.97,23.69,22.36
22.30,3760.40,77.59,393.81,85.25,23.70,22.39
22.40,3765.48,78.18,394.04,83.65,23.52,22.31
22.50,3766.03,77.67,394.08,84.08,23.58,22.35
22.60,3776.40,77.03,394.08,83.24,23.59,22.43
22.70,3773.72,77.16,394.12,83.22,23.50,22.33
22.80,3761.78,74.38,394.03,81.90,23.58,22.41
22.90,3764.81,75.39,393.98,81.58,23.58,22.35
23.00,3760.13,75.33,394.03,80.46,23.66,22.40
23.10,3764.80,73.12,393.97,79.87,23.67,22.42
23.20,3769.75,72.79,394.23,79.31,23.54,22.40
23.30,3774.76,71.84,394.23,78.09,23.54,22.41
23.40,3767.17,71.01,394.23,77.81,23.61,22.33
23.50,3768.74,70.57,393.96,76.33,23.50,22.42
23.60,3763.37,70.80,394.21,76.01,23.59,22.34
23.70,3773.75,70.30,394.53,75.48,23.53,22.39
23.80,3771.26,68.41,394.35,74.67,23.45,22.39
23.90,3775.31,68.98,394.50,74.42,23.44,22.40
24.00,3775.48,67.32,394.32,72.83,23.63,22.39
24.10,3780.82,67.67,394.69,72.01,23.49,22.35
24.20,3775.23,66.12,394.53,71.60,23.63,22.33
24.30,3778.50,65.75,394.61,71.68,23.45,22.42
24.40,3796.70,65.45,394.87,71.20,23.51,22.39
24.50,3783.39,66.62,394.79,70.69,23.67,22.43
24.60,3786.36,65.03,394.59,69.96,23.38,22.38
24.70,3801.71,63.93,394.56,70.40,23.31,22.33
24.80,3808.69,64.67,394.60,69.55,23.56,22.42
24.90,3792.53,63.84,394.71,70.31,23.39,22.37
25.00,3798.34,63.73,394.63,70.91,23.45,22.40
25.10,3803.73,64.54,394.59,70.11,23.40,22.36
25.20,3812.17,64.16,394.81,70.35,23.46,22.45
25.30,3802.12,64.47,394.61,70.20,23.36,22.35
25.40,3807.60,64.57,394.88,70.05,23.42,22.37
25.50,3814.31,65.06,394.60,70.85,23.47,22.39
25.60,3814.84,65.48,394.78,71.12,23.36,22.35
25.70,3813.21,64.61,394.59,71.51,23.38,22.40
25.80,3816.26,66.53,394.63,73.19,23.41,22.45
25.90,3812.57,66.17,394.40,73.31,23.33,22.37
26.00,3819.50,66.50,394.35,74.02,23.41,22.41
26.10,3821.11,67.90,394.47,74.51,23.46,22.28
26.20,3825.00,68.64,394.50,75.32,23.42,22.39
26.30,3823.01,68.91,394.35,76.51,23.44,22.38
26.40,3829.09,70.47,394.15,76.98,23.46,22.36
26.50,3832.87,70.01,394.10,78.01,23.42,22.44
26.60,3830.25,71.27,394.05,78.61,23.53,22.38
26.70,3832.25,71.93,393.97,79.41,23.60,22.39
26.80,3831.91,72.98,394.16,79.88,23.46,22.38
26.90,3832.54,73.90,394.24,80.52,23.54,22.32
27.00,3830.04,73.92,394.06,81.93,23.49,22.35
27.10,3835.32,75.58,393.75,82.83,23.55,22.43
27.20,3833.94,75.89,393.97,83.12,23.65,22.31
27.30,3844.14,75.46,393.93,84.27,23.58,22.37
27.40,3842.01,76.02,394.17,84.97,23.40,22.38
27.50,3836.74,77.65,393.72,84.81,23.59,22.47
27.60,3831.50,78.04,393.82,85.81,23.66,22.43
27.70,3829.72,78.56,394.05,86.76,23.55,22.37
27.80,3839.74,79.00,393.88,87.18,23.66,22.45
27.90,3835.08,79.47,393.87,87.00,23.53,22.37
28.00,3835.45,80.13,393.81,87.74,23.48,22.44
28.10,3824.69,79.20,393.82,88.24,23.61,22.34
28.20,3835.84,79.29,393.87,88.28,23.47,22.44
28.30,3832.72,79.39,393.68,88.01,23.60,22.38
28.40,3824.55,80.14,393.88,87.85,23.72,22.36
28.50,3826.19,80.59,393.62,87.67,23.47,22.39
28.60,3828.15,79.51,393.83,87.85,23.53,22.41
28.70,3825.75,78.15,393.83,87.48,23.55,22.38
28.80,3822.64,78.30,393.75,87.28,23.63,22.42
28.90,3821.84,78.43,393.84,86.68,23.61,22.38
29.00,3819.44,78.17,393.79,86.43,23.75,22.42
29.10,3819.44,77.78,393.76,85.62,23.71,22.42
29.20,3823.48,77.50,393.88,85.24,23.67,22.40
29.30,3803.35,76.73,393.82,84.60,23.64,22.38
29.40,3811.82,76.86,394.03,83.29,23.66,22.41
29.50,3811.61,75.26,393.89,82.18,23.56,22.42
29.60,3810.04,74.47,394.15,82.56,23.69,22.48
29.70,3804.88,74.50,393.96,81.28,23.53,22.44
29.80,3796.48,72.65,394.08,79.74,23.68,22.44
29.90,3803.67,72.97,394.11,79.23,23.70,22.52
30.00,3807.77,72.06,394.39,78.89,23.62,22.42
30.10,3790.90,71.17,394.31,77.65,23.58,22.42
30.20,3799.50,71.37,394.28,76.72,23.62,22.43
30.30,3791.96,69.43,394.41,76.54,23.35,22.36
30.40,3791.02,70.19,394.14,74.87,23.59,22.38
30.50,3784.45,68.24,394.42,74.17,23.55,22.38
30.60,3785.61,67.01,394.70,73.77,23.55,22.43
30.70,3790.95,67.14,394.51,73.13,23.60,22.39
30.80,3785.76,65.93,394.54,72.51,23.53,22.41
30.90,3789.04,65.59,394.62,72.05,23.43,22.44
31.00,3784.73,65.75,394.69,71.25,23.50,22.43
31.10,3779.67,65.42,394.37,70.87,23.51,22.39
31.20,3783.89,64.42,394.42,70.20,23.51,22.37
31.30,3776.46,65.02,394.67,69.97,23.50,22.44
31.40,3776.76,64.89,394.57,69.72,23.57,22.43
31.50,3770.35,64.89,394.82,69.57,23.39,22.33
31.60,3770.75,64.31,394.63,69.65,23.48,22.39
31.70,3766.19,64.75,394.44,69.54,23.57,22.41
31.80,3772.78,63.03,394.52,69.41,23.32,22.43
31.90,3762.16,64.02,394.33,69.24,23.47,22.43
32.00,3770.23,63.91,394.63,69.74,23.40,22.41
32.10,3765.24,64.72,394.62,69.99,23.42,22.42
32.20,3770.89,64.68,394.57,70.41,23.37,22.40
32.30,3768.65,65.29,394.73,71.53,23.43,22.37
32.40,3773.26,66.87,394.72,71.06,23.59,22.39
32.50,3768.29,66.25,394.53,71.94,23.34,22.40
32.60,3757.99,67.13,394.27,72.77,23.35,22.39
32.70,3764.97,67.38,394.57,73.08,23.34,22.32
32.80,3760.35,68.19,394.53,74.57,23.59,22.38
32.90,3763.77,68.83,394.46,74.35,23.42,22.40
33.00,3773.51,69.77,394.51,75.37,23.46,22.38
33.10,3770.33,70.90,394.21,75.78,23.43,22.38
33.20,3765.19,71.90,394.55,76.76,23.39,22.41
33.30,3764.77,71.92,394.15,77.80,23.46,22.35
33.40,3770.60,72.83,394.32,78.85,23.68,22.33
33.50,3766.21,72.62,393.99,79.50,23.60,22.38
33.60,3770.01,73.94,394.04,80.65,23.43,22.42
33.70,3775.89,75.23,394.29,80.99,23.55,22.46
33.80,3781.24,75.88,394.04,81.70,23.44,22.42
33.90,3780.43,76.19,394.14,83.52,23.38,22.33
34.00,3769.12,77.19,394.03,83.43,23.61,22.38
34.10,3782.62,77.56,393.96,83.72,23.63,22.40
34.20,3783.46,78.49,394.10,84.36,23.63,22.40
34.30,3786.96,78.48,393.88,84.85,23.51,22.41
34.40,3794.39,78.56,393.67,86.02,23.55,22.35
34.50,3779.90,79.31,393.77,86.02,23.63,22.39
34.60,3788.64,77.83,393.91,86.58,23.61,22.41
34.70,3796.10,79.89,393.88,86.83,23.55,22.42
34.80,3788.50,77.85,393.63,87.35,23.46,22.36
34.90,3804.44,79.02,393.72,86.96,23.60,22.37
35.00,3801.66,245.25,384.88,271.40,23.68,22.28
35.10,3804.18,245.01,384.92,271.60,23.79,22.36
35.20,3798.91,243.86,384.81,271.52,24.19,22.36
35.30,3806.97,243.86,384.91,271.28,24.39,22.34
35.40,3810.65,244.75,384.90,270.78,24.61,22.39
35.50,3810.11,243.48,385.08,271.25,24.79,22.38
35.60,3814.01,244.73,385.09,270.75,24.81,22.29
35.70,3818.73,243.25,384.97,270.87,24.86,22.39
35.80,3818.83,243.22,384.94,270.82,25.06,22.34
35.90,3827.89,243.64,384.99,271.74,25.27,22.40
36.00,3834.31,242.57,384.87,271.69,25.24,22.33
36.10,3843.77,241.70,384.82,271.91,25.30,22.38
36.20,3854.18,241.94,384.83,272.40,25.27,22.37
36.30,3853.12,241.73,384.85,273.26,25.61,22.39
36.40,3866.08,240.75,384.77,272.02,25.59,22.38
36.50,3882.60,241.11,384.92,272.74,25.63,22.37
36.60,3882.41,240.59,384.96,273.21,25.68,22.31
36.70,3892.39,241.26,384.66,273.58,25.69,22.32
36.80,3907.83,240.52,384.83,273.99,25.65,22.35
36.90,3922.03,240.09,384.78,274.79,25.68,22.37
37.00,3930.05,239.94,384.82,275.03,25.69,22.35
37.10,3948.20,239.87,384.75,276.16,25.95,22.40
37.20,3958.74,239.84,384.55,276.67,25.81,22.36
37.30,3971.75,238.70,384.54,277.47,25.74,22.33
37.40,3983.93,238.43,384.66,278.15,25.83,22.36
37.50,4005.79,239.36,384.75,278.88,25.73,22.38
37.60,4008.64,238.27,384.32,279.27,25.95,22.38
37.70,4015.15,237.47,384.59,280.89,25.79,22.44
37.80,4046.34,238.24,384.66,281.00,25.89,22.34
37.90,4052.34,238.00,384.46,281.06,25.95,22.36
38.00,4070.49,236.66,384.51,282.17,25.91,22.38
38.10,4091.79,237.38,384.31,282.74,25.90,22.36
38.20,4094.87,237.40,384.34,284.21,25.90,22.34
38.30,4112.90,236.96,384.12,285.03,25.91,22.30
38.40,4128.03,236.85,383.99,285.79,25.88,22.34
38.50,4148.61,235.48,384.34,287.55,25.90,22.32
38.60,4171.34,236.18,384.07,287.95,26.06,22.29
38.70,4189.10,235.58,384.09,288.94,25.94,22.33
38.80,4205.56,235.23,383.93,289.30,25.90,22.32
38.90,4215.72,235.73,383.88,290.22,25.93,22.38
39.00,4229.60,235.81,383.99,291.54,26.07,22.38
39.10,4258.32,235.74,383.87,292.55,26.05,22.32
39.20,4274.16,235.22,383.96,292.81,26.05,22.34
39.30,4296.67,234.19,383.92,294.37,25.99,22.28
39.40,4316.20,234.19,383.86,295.42,26.07,22.33
39.50,4332.18,234.17,383.80,296.32,25.98,22.37
39.60,4353.58,233.57,383.91,297.10,26.02,22.38
39.70,4369.85,233.32,383.55,298.19,26.13,22.32
39.80,4389.91,233.45,383.62,299.31,26.14,22.39
39.90,4403.08,232.72,383.72,300.39,26.00,22.29
40.00,4424.19,232.10,383.69,301.56,26.02,22.30
40.10,4444.63,232.02,383.32,302.71,26.11,22.37
40.20,4466.17,232.35,383.40,303.21,26.25,22.41
40.30,4479.41,231.75,383.56,304.13,25.96,22.36
40.40,4502.19,231.69,383.41,305.42,26.15,22.34
40.50,4517.24,231.62,383.32,306.44,26.03,22.25
40.60,4536.43,230.79,383.23,307.03,26.10,22.26
40.70,4559.13,231.17,383.16,308.41,26.13,22.34
40.80,4564.75,230.71,383.20,309.41,26.14,22.32
40.90,4586.09,229.57,383.09,310.45,26.14,22.29
41.00,4603.33,230.79,383.07,311.54,26.19,22.34
41.10,4617.42,229.47,383.04,311.51,26.16,22.34
41.20,4642.63,228.59,382.91,312.71,26.09,22.37
41.30,4666.63,228.68,383.01,313.58,26.28,22.34
41.40,4679.36,228.44,383.26,314.40,26.29,22.38
41.50,4698.70,228.78,382.65,315.05,26.31,22.33
41.60,4719.66,228.35,382.87,315.58,26.13,22.32
41.70,4737.44,228.06,382.70,316.93,26.28,22.37
41.80,4747.61,228.34,382.82,317.41,26.32,22.29
41.90,4770.19,227.94,382.72,318.47,26.19,22.44
42.00,4780.41,227.67,382.77,318.90,26.29,22.34
42.10,4791.83,227.48,382.79,319.51,26.29,22.34
42.20,4808.21,227.34,382.63,320.67,26.45,22.34
42.30,4819.17,225.59,382.72,321.31,26.47,22.39
42.40,4836.44,226.30,382.27,322.10,26.19,22.35
42.50,4853.08,225.05,382.71,323.28,26.53,22.25
42.60,4872.18,226.02,382.54,323.20,26.26,22.37
42.70,4889.79,225.75,382.59,323.83,26.42,22.30
42.80,4888.90,226.08,382.29,323.81,26.43,22.32
42.90,4909.55,225.90,382.32,324.23,26.28,22.26
43.00,4915.32,225.11,382.41,325.70,26.40,22.33
43.10,4933.91,224.47,382.37,325.26,26.36,22.28
43.20,4942.49,224.77,382.39,325.61,26.42,22.31
43.30,4945.67,223.96,382.47,326.33,26.40,22.30
43.40,4968.42,224.00,382.11,326.64,26.48,22.38
43.50,4971.34,224.29,382.42,326.65,26.40,22.38
43.60,4980.96,223.19,382.29,327.11,26.38,22.30
43.70,4987.30,223.69,382.26,327.86,26.49,22.30
43.80,4997.38,223.37,382.10,327.33,26.45,22.29
43.90,5009.88,222.22,382.33,327.26,26.46,22.34
44.00,5014.15,223.04,381.97,328.18,26.36,22.28
44.10,5022.93,222.63,382.34,328.07,26.33,22.28
44.20,5028.91,222.06,382.08,327.70,26.37,22.33
44.30,5038.43,221.33,382.27,327.33,26.36,22.27
44.40,5035.50,221.03,382.25,327.54,26.48,22.29
44.50,5034.29,220.95,382.41,327.66,26.49,22.23
44.60,5048.96,221.30,382.26,327.92,26.40,22.32
44.70,5045.20,220.22,382.21,326.94,26.53,22.36
44.80,5053.54,220.74,382.24,327.01,26.53,22.31
44.90,5051.35,219.57,382.47,326.96,26.43,22.34
45.00,5049.41,-115.11,404.41,-133.08,26.35,22.25
45.10,5050.42,-114.64,404.28,-131.51,26.47,22.29
45.20,5054.22,-113.06,404.28,-131.86,26.27,22.24
45.30,5049.16,-114.86,404.10,-130.84,26.23,22.27
45.40,5032.33,-112.99,404.31,-130.33,26.15,22.31
45.50,5022.81,-113.42,404.02,-129.44,26.05,22.28
45.60,5014.93,-112.97,404.29,-128.98,25.97,22.22
45.70,4992.24,-112.83,404.18,-129.31,26.09,22.22
45.80,4981.52,-112.36,404.42,-128.00,25.94,22.22
45.90,4961.94,-112.38,403.96,-126.89,26.22,22.29
46.00,4943.61,-111.20,404.04,-126.16,25.85,22.35
46.10,4916.74,-111.95,404.23,-125.05,25.81,22.32
46.20,4889.83,-110.78,404.11,-124.01,25.92,22.19
46.30,4862.39,-111.45,403.84,-123.11,25.97,22.32
46.40,4839.72,-110.83,403.90,-122.39,25.82,22.30
46.50,4814.05,-111.09,403.82,-121.92,25.83,22.20
46.60,4784.54,-109.95,403.80,-120.35,25.61,22.25
46.70,4762.75,-109.11,403.63,-118.93,25.67,22.30
46.80,4725.66,-109.64,403.65,-118.30,25.61,22.28
46.90,4681.53,-109.41,403.41,-116.52,25.51,22.20
47.00,4651.16,-109.61,403.56,-115.21,25.65,22.28
47.10,4610.12,-108.83,403.54,-114.24,25.43,22.16
47.20,4571.69,-109.28,403.40,-114.08,25.47,22.24
47.30,4533.52,-108.60,403.17,-112.16,25.50,22.29
47.40,4493.95,-107.68,403.42,-109.73,25.44,22.25
47.50,4446.91,-106.77,403.28,-109.23,25.51,22.22
47.60,4409.34,-105.65,403.08,-108.36,25.47,22.28
47.70,4354.43,-107.22,403.07,-105.85,25.48,22.28
47.80,4313.54,-105.81,402.85,-104.86,25.44,22.29
47.90,4278.13,-106.17,402.84,-103.05,25.43,22.27
48.00,4219.40,-106.08,402.83,-101.89,25.31,22.28
48.10,4175.89,-105.46,402.97,-100.36,25.30,22.26
48.20,4120.01,-105.37,402.68,-98.92,25.28,22.24
48.30,4071.53,-105.04,402.76,-97.31,25.21,22.23
48.40,4017.21,-105.02,402.55,-95.25,25.13,22.22
48.50,3964.50,-105.27,402.57,-94.19,25.10,22.18
48.60,3908.86,-105.05,402.45,-93.56,25.02,22.19
48.70,3860.77,-103.54,402.50,-91.32,25.08,22.21
48.80,3800.86,-103.75,402.25,-89.53,25.00,22.23
48.90,3753.00,-103.63,402.05,-87.96,24.92,22.28
49.00,3699.68,-103.00,402.00,-86.98,24.88,22.22
49.10,3640.79,-102.26,402.03,-84.86,24.80,22.26
49.20,3581.77,-102.30,401.87,-83.39,24.93,22.26
49.30,3528.65,-102.46,401.99,-81.25,24.82,22.20
49.40,3468.45,-101.13,401.81,-80.85,24.70,22.23
49.50,3417.00,-100.63,402.08,-79.21,24.80,22.20
49.60,3347.27,-100.93,401.51,-77.58,24.65,22.26
49.70,3296.53,-100.36,401.67,-76.09,24.54,22.23
49.80,3231.48,-99.92,401.43,-74.67,24.69,22.16
49.90,3176.01,-99.68,401.44,-73.78,24.52,22.21
50.00,3131.14,-99.66,401.44,-71.43,24.49,22.27
50.10,3071.29,-99.37,401.07,-69.61,24.49,22.19
50.20,3006.32,-99.11,401.30,-68.39,24.54,22.21
50.30,2945.20,-99.70,401.43,-66.03,24.40,22.22
50.40,2881.15,-98.41,401.08,-65.19,24.27,22.15
50.50,2834.77,-99.25,401.09,-63.25,24.36,22.21
50.60,2791.06,-98.64,401.11,-62.13,24.24,22.13
50.70,2725.35,-97.18,400.90,-60.47,24.39,22.16
50.80,2664.42,-97.14,400.78,-59.21,24.20,22.23
50.90,2612.96,-96.48,400.50,-57.39,23.98,22.20
51.00,2548.18,-97.15,400.79,-56.43,24.15,22.17
51.10,2498.66,-97.33,400.63,-54.87,24.23,22.20
51.20,2445.75,-96.53,400.45,-53.54,24.16,22.18
51.30,2390.78,-96.04,400.53,-52.40,24.15,22.18
51.40,2341.19,-95.76,400.38,-50.81,23.88,22.20
51.50,2286.29,-94.88,400.32,-48.85,23.99,22.14
51.60,2235.55,-95.40,400.39,-48.42,23.83,22.17
51.70,2177.98,-94.71,400.10,-46.90,23.86,22.16
51.80,2134.45,-95.14,400.32,-45.36,23.71,22.10
51.90,2087.89,-94.05,399.97,-44.17,23.72,22.13
52.00,2027.23,-94.00,400.00,-43.36,23.68,22.23
52.10,1979.57,-94.11,400.26,-43.02,23.77,22.18
52.20,1942.50,-93.53,400.10,-40.85,23.73,22.11
52.30,1889.57,-93.20,399.93,-40.69,23.65,22.10
52.40,1851.76,-92.95,399.75,-38.30,23.49,22.15
52.50,1799.57,-91.53,399.75,-37.69,23.54,22.22
52.60,1765.38,-92.25,399.77,-36.37,23.47,22.14
52.70,1717.90,-92.03,399.72,-36.03,23.56,22.20
52.80,1678.19,-92.75,399.66,-35.29,23.56,22.16
52.90,1645.09,-91.79,399.62,-33.72,23.52,22.16
53.00,1598.77,-91.14,399.55,-32.91,23.34,22.09
53.10,1559.91,-91.08,399.36,-32.20,23.15,22.18
53.20,1527.30,-89.64,399.44,-31.17,23.20,22.13
53.30,1498.00,-90.19,399.57,-29.43,23.43,22.17
53.40,1457.09,-89.09,399.26,-29.34,23.25,22.10
53.50,1436.76,-89.47,399.36,-28.54,23.20,22.14
53.60,1402.83,-89.18,399.26,-27.92,23.37,22.15
53.70,1383.44,-88.95,399.34,-27.04,23.31,22.12
53.80,1342.24,-88.60,399.25,-27.01,23.19,22.14
53.90,1325.97,-87.35,399.44,-27.09,23.14,22.11
54.00,1300.21,-89.28,399.30,-25.90,23.13,22.10
54.10,1284.22,-88.80,399.06,-25.06,23.14,22.19
54.20,1271.09,-87.70,399.28,-25.23,23.22,22.16
54.30,1253.15,-87.09,399.08,-24.54,23.11,22.09
54.40,1238.78,-86.42,399.09,-24.35,23.12,22.14
54.50,1227.20,-86.24,399.18,-23.26,23.13,22.08
54.60,1218.90,-86.41,399.07,-23.24,22.93,22.06
54.70,1205.65,-85.34,399.22,-23.03,23.07,22.15
54.80,1207.74,-85.03,399.01,-22.85,22.97,22.04
54.90,1204.13,-85.20,399.03,-22.93,22.78,22.14
55.00,1201.73,0.53,397.88,0.95,22.79,22.09
55.10,1178.50,0.15,397.89,0.46,22.80,22.09
55.20,1153.33,-0.31,398.09,0.11,22.84,22.12
55.30,1137.16,0.38,398.03,0.93,22.74,22.12
55.40,1103.61,0.06,398.16,0.99,22.69,22.06
55.50,1078.62,0.00,398.23,1.30,22.78,22.12
55.60,1052.61,0.81,397.83,1.43,22.47,22.10
55.70,1027.35,-1.35,397.97,1.43,22.53,22.04
55.80,1002.40,-0.78,397.82,0.53,22.52,22.08
55.90,980.00,-0.65,397.86,0.76,22.41,22.14
56.00,959.68,-0.20,397.88,1.05,22.44,22.15
56.10,937.50,-0.14,397.83,1.77,22.29,22.11
56.20,912.23,-0.83,397.83,1.40,22.51,22.03
56.30,884.56,-0.54,397.94,1.27,22.32,22.10
56.40,868.05,-0.47,397.81,0.74,22.52,22.11
56.50,843.33,1.35,398.06,0.57,22.34,22.10
56.60,815.28,0.99,397.85,1.16,22.41,22.10
56.70,789.06,-0.23,398.29,0.49,22.32,22.08
56.80,770.47,-0.20,397.90,0.80,22.31,22.06
56.90,744.85,-0.63,397.97,0.84,22.25,22.04
57.00,713.48,-1.05,397.80,1.44,22.30,21.99
57.10,695.69,-0.06,398.16,0.76,22.31,22.07
57.20,673.18,-0.55,398.09,0.03,22.22,22.07
57.30,643.95,-0.05,397.99,1.06,22.26,22.08
57.40,624.85,-0.88,397.80,0.63,22.22,22.00
57.50,593.45,-0.42,397.98,0.89,22.44,22.08
57.60,582.01,0.08,397.82,0.85,22.25,22.13
57.70,557.62,0.20,398.13,0.78,22.38,22.05
57.80,526.86,0.23,398.05,1.16,22.23,22.04
57.90,505.64,-0.73,397.97,0.34,22.26,22.06
58.00,469.16,0.47,397.67,0.70,22.13,22.12
58.10,450.80,-0.44,397.84,1.12,22.20,22.00
58.20,430.68,0.35,398.04,0.66,22.25,22.05
58.30,403.18,-0.01,398.10,0.32,22.36,22.00
58.40,387.21,-0.76,398.09,1.11,22.24,22.01
58.50,368.99,-0.17,397.77,1.27,22.33,22.03
58.60,330.71,0.20,397.99,0.86,22.27,22.08
58.70,308.23,0.34,398.08,0.19,22.35,22.10
58.80,289.06,-0.08,397.76,1.13,22.21,22.04
58.90,271.25,0.84,397.96,0.30,22.40,22.01
59.00,234.50,0.55,397.99,0.99,22.17,22.12
59.10,217.12,-0.14,397.92,0.57,22.15,22.00
59.20,200.20,0.41,397.74,0.47,22.11,21.99
59.30,160.57,1.06,397.92,0.72,22.39,21.94
59.40,138.24,1.08,397.92,0.82,22.27,22.07
59.50,118.09,-0.68,397.94,0.65,22.17,22.05
59.60,93.66,-0.51,397.89,1.09,22.30,22.11
59.70,75.66,0.82,397.90,0.72,22.25,21.95
59.80,49.09,-0.58,397.95,1.22,22.35,22.06
59.90,16.01,-0.73,398.01,0.98,22.07,22.00
60.00,2.32,-0.27,397.92,0.64,22.17,22.03
